{"main":"mua-flights-api.raml","name":"MUA Flights API","classifier":"raml","tags":[],"dependencies":[{"groupId":"68ef9520-24e9-4cf2-b2f5-620025690913","assetId":"training-american-flight-data-type","version":"1.0.1"},{"groupId":"68ef9520-24e9-4cf2-b2f5-620025690913","assetId":"training-american-flights-example","version":"1.0.1"}],"groupId":"b21623f7-d7f6-433a-9bcb-ee1f1e48d119","assetId":"mua-flights-api2","version":"1.0.0","apiVersion":"v1","originalFormatVersion":"1.0","metadata":{"projectId":"85d88bfe-62f2-452f-a7f3-0720a3e4d242","branchId":"master","commitId":"9cf61868e412688bbc91f5ca0cf3e0b62a44121a"}}